IncidentName,CreateDate
Bradbury Krebs,2020/07/01 22:37:53
Cottonwood,2020/07/10 20:22:46
FLAT TOP,2020/07/10 20:24:01
Lincoln,2020/06/19 21:54:43
Moore Mountain,2020/07/10 20:21:31
Bloomington,2020/07/15 20:47:18
Slow Fork,2020/06/23 15:31:36
Volcano,2020/07/16 18:43:44
U Road ,2020/07/03 23:21:21
North Wilson Lake,2020/07/28 00:04:06
Beets,2020/07/13 13:58:59
County Line Road,2020/07/10 20:26:08
NORTH ALKALI CREEK,2020/07/10 20:21:36
Goshen Canyon,2020/07/13 23:24:54
Mile Post Five,2020/06/30 17:33:13
Oak Creek Cyn,2020/06/19 21:52:36
Hot,2020/07/10 18:45:39
Kugarak River,2020/06/20 21:43:23
Clear Creek,2020/06/20 21:40:08
Harper Fire,2020/07/26 02:37:47
Peplin,2020/06/19 21:52:52
Marshall Basin,2020/07/28 00:04:09
Golf Course ,2020/07/28 00:04:03
Stanley,2020/07/10 20:19:34
Sixty-One Mountain,2020/06/23 16:34:06
Traverse,2020/06/28 16:24:57
Macklin,2020/06/20 21:39:09
Samaria,2020/07/26 15:40:02
Lonesome,2020/07/16 14:07:12
Goach Fire,2020/06/28 20:36:53
East Point,2020/07/05 21:39:52
Fawn Creek,2020/07/19 11:41:10
Mount Schwatka,2020/06/23 16:35:11
Deshka Overwinter,2020/06/20 21:35:45
council butte,2020/07/10 20:22:45
BenYoung,2020/07/24 13:59:03
Wapoo Creek 2,2020/06/20 21:42:35
Chromo Divide - Rosebud,2020/07/10 20:26:15
Brush Creek,2020/06/20 21:39:27
Moran Creek,2020/06/23 16:20:05
Snake Lake,2020/07/06 15:48:56
Sportsmans,2020/07/19 14:05:40
YMCA,2020/07/12 16:44:27
Flooded Lake,2020/06/23 16:36:21
Clive,2020/07/19 23:13:24
Sand Creek,2020/06/29 17:47:31
Soldier,2020/07/26 03:42:33
Polles,2020/07/13 09:53:34
Timmerman,2020/07/28 00:04:07
Neiber,2020/07/16 22:18:58
Pocatello Creek,2020/07/10 20:26:03
Juniper Dunes,2020/07/10 20:21:53
Blue Creek,2020/07/10 20:22:21
Hancock Canyon,2020/07/10 20:21:34
Scooteney ,2020/07/10 20:22:15
Mammoth,2020/07/15 19:08:46
Marsh,2020/07/10 20:22:32
MP 50,2020/07/10 20:22:26
Mccornick 2,2020/06/19 21:54:25
Iosepa,2020/07/05 02:29:05
MEADOW CREEK,2020/06/25 19:12:07
Little Wood,2020/07/10 20:23:24
Pottery,2020/07/28 00:03:59
Sabie ,2020/07/21 18:55:52
HORSE,2020/07/16 21:25:06
Whitlow ,2020/07/10 20:19:38
Witcher,2020/07/20 20:31:41
Kerulu Creek,2020/06/20 21:39:28
Chafin,2020/07/10 20:22:27
Tracer,2020/07/10 20:26:43
Howe Peak,2020/07/03 16:55:38
Shaw Creek,2020/06/25 18:21:42
Monument,2020/07/09 01:37:19
Crews,2020/07/10 05:40:58
Matlin,2020/06/19 21:52:54
Helpmejack Hills,2020/07/08 15:45:00
Taylor,2020/07/08 13:14:25
North Delle,2020/06/19 21:54:44
ROAD 11,2020/07/13 21:36:08
Tagagawik River 2,2020/06/23 15:33:42
Little Su,2020/06/20 21:35:56
0380 RS,2020/07/09 00:37:28
LITTLE,2020/07/22 23:35:04
Steel Canyon,2020/07/10 20:21:38
Kawichiark River 5,2020/06/23 19:02:59
Yellow River ,2020/06/29 21:11:18
Ninemile Lake,2020/06/20 21:43:15
Black Point,2020/06/19 21:54:06
Verde,2020/07/10 20:19:44
Wilson Crossing,2020/07/10 20:22:34
Bonny,2020/07/27 16:32:28
Quigley,2020/07/10 20:23:38
Ray Mountain,2020/06/20 21:42:10
Hogatza,2020/06/20 21:42:11
Powder Hollow,2020/06/19 21:54:29
Hog Point,2020/06/29 22:13:55
Bering Creek,2020/06/20 21:42:17
North Side Bridge,2020/07/28 00:04:05
Chiroskey River,2020/06/23 22:28:03
Little Bookcliff,2020/07/10 20:22:42
Mtn Home,2020/07/15 02:52:48
Ranches,2020/07/10 20:24:53
Jim Canyon 2,2020/06/30 16:22:47
103,2020/06/19 21:55:05
Mercur Canyon,2020/07/21 18:51:23
Smith Creek,2020/06/20 21:38:39
Jackrabbit,2020/07/10 20:19:53
White Mountain,2020/06/20 21:39:31
Saddle Horse Peak,2020/06/19 21:53:08
Landfill,2020/06/19 21:53:35
Yellow Jacket,2020/07/06 14:15:26
Natlaratlen River,2020/06/26 19:34:51
Bass Bay,2020/07/28 00:04:12
Orchard,2020/06/19 21:54:48
Griffins Creek,2020/07/10 20:21:31
Three Hill,2020/07/18 03:39:09
Snook,2020/07/20 14:12:50
SC Section 32,2020/07/10 20:19:41
Jesus Mesa ,2020/07/10 20:24:00
Bannock County Assist 2,2020/07/27 19:55:44
Sisal,2020/07/17 15:11:40
Iwaktok Hill,2020/06/20 21:43:10
Tabernacle,2020/06/19 21:54:10
Nephi,2020/07/27 18:37:16
Rattlesnake,2020/07/10 20:22:32
Cliff,2020/07/28 00:04:01
Omilak Creek,2020/06/20 21:39:14
Howell Peak,2020/07/21 15:49:46
Red Dog,2020/06/20 21:38:43
Pix,2020/07/10 20:21:39
Mojave ,2020/06/19 21:52:33
Emigrant ,2020/07/10 20:20:23
Ballyhoo,2020/07/16 19:45:05
Sieber,2020/07/10 20:22:36
SLICK CREEK,2020/07/10 20:23:46
Moose Meadows,2020/06/20 21:35:59
Railroad ,2020/07/10 20:19:48
Grunt,2020/07/16 13:05:04
County-line,2020/07/17 20:15:40
Bearpaw River,2020/06/20 21:38:22
Canoa Fire,2020/07/10 20:20:32
Pine Springs Fire,2020/07/02 20:51:13
Coleen ,2020/07/06 22:15:20
GRASS CREEK,2020/07/10 20:22:36
Shaw's,2020/07/20 19:37:09
Imik Lagoon,2020/06/23 15:40:07
Rocky Ridge,2020/06/19 21:53:57
Morelock ,2020/06/20 21:42:41
Guava 3,2020/07/15 12:24:10
Range,2020/07/10 20:19:59
Saddle,2020/06/19 21:52:28
Niagara,2020/06/25 13:30:10
Silverking,2020/07/10 20:25:49
Billy Hawk Creek,2020/06/20 21:43:18
Tractor Fire,2020/06/30 22:08:33
Hunt,2020/07/28 00:03:55
Center Slough,2020/06/20 21:38:14
Fort Hall Assist 2,2020/07/27 21:49:31
35 Command,2020/07/10 20:21:51
South Island,2020/06/19 21:53:15
Salmon Falls,2020/07/28 00:04:00
Mm17,2020/07/01 18:07:32
Sea Biscuit,2020/07/20 19:34:12
Baseline,2020/07/28 00:03:48
Shepard,2020/06/19 21:52:26
Ranch,2020/07/10 20:19:54
Manokinak River,2020/06/20 21:42:49
Aviator,2020/06/19 21:54:35
Dunes Fire,2020/07/03 20:32:02
Basin ,2020/06/23 12:34:29
Bacon,2020/07/25 20:25:06
Aniak River,2020/06/23 17:20:32
Tagagawik River,2020/06/23 15:36:21
Igiglogruk Mountain,2020/07/20 20:46:04
Antelope Road ,2020/06/19 21:52:48
Doe Creek,2020/07/09 15:03:43
Pompano,2020/07/20 13:16:03
Seed Warehouse,2020/07/22 13:34:36
R-3 LITTLE FREDOYNER,2020/07/27 23:11:46
Bigwater,2020/06/19 21:54:32
R-5 Dry,2020/07/22 22:29:48
AGATE FIELD,2020/07/10 20:23:09
Quarter Fire,2020/06/25 00:03:25
Tortolita,2020/07/10 20:20:27
Cosmos Creek,2020/06/20 21:41:50
4th of July Creek,2020/06/23 17:13:35
Country,2020/06/20 21:35:53
Strawberry Dome,2020/07/08 22:28:22
Pahvant Wma,2020/06/19 21:52:37
Middle Fork Buckland,2020/06/20 21:39:12
Little Chena 6,2020/06/20 21:43:08
Padilla,2020/07/10 20:21:20
Summit,2020/07/08 17:46:17
Hunter,2020/07/10 20:22:38
Little Chena 2 - East,2020/06/20 21:43:07
Road A,2020/07/03 01:05:52
Pothole,2020/07/09 21:49:51
Mackerel,2020/07/10 13:14:55
Canal Fire,2020/07/07 22:16:49
Butte Creek,2020/07/10 20:21:55
Continental Divide,2020/06/20 21:39:18
Izaviknek River,2020/06/23 17:08:03
Wolf,2020/07/17 11:20:54
Kawichiark River 3,2020/06/20 21:41:32
Cottonwood - Dawson,2020/07/27 21:03:43
LOST CREEK,2020/07/10 20:26:47
Veyo West,2020/07/15 16:36:32
Hal Canyon,2020/07/10 20:25:15
Saddle Mountain,2020/07/09 14:32:08
Otter Creek,2020/07/14 20:31:33
Canal,2020/07/05 20:25:59
Frenchman Canal,2020/07/10 20:22:53
Kuyak Creek,2020/06/20 21:42:36
Pole Canyon,2020/07/16 03:09:52
Copple - Rosebud,2020/07/20 16:15:21
Whites Creek,2020/07/13 18:09:07
Dry Mesa ,2020/06/19 21:52:47
Butte,2020/07/15 15:03:09
Pinney,2020/07/10 14:03:45
Bald Mountain,2020/06/19 21:54:56
ROME,2020/07/10 20:22:08
Spillway,2020/07/11 19:01:53
Jackass Canyon ,2020/07/10 20:24:33
Dance - Dawson,2020/07/28 15:38:01
Dempsey ,2020/07/19 17:16:50
Smelter,2020/06/19 21:52:38
Launch Fire,2020/06/19 21:52:35
Flat Top,2020/07/28 00:04:02
Point Mac,2020/06/20 21:35:44
Crestline ,2020/07/28 01:44:51
Guava 2,2020/07/15 12:19:21
455 ,2020/07/20 19:43:11
Hawley,2020/07/28 00:04:08
Pennys,2020/06/19 21:55:09
WARM SPRINGS,2020/07/10 20:22:07
Kuka Creek,2020/06/20 21:38:12
Frosty,2020/07/23 14:28:22
Warmouth,2020/07/20 14:49:19
Crow Point,2020/06/20 21:36:01
Vics Peak,2020/07/04 12:19:36
Antelope,2020/06/28 02:26:43
Pierce,2020/07/21 22:12:24
Hawk River,2020/06/20 21:40:36
Cottonwood Trail,2020/07/19 21:50:05
Clark Lake,2020/07/26 22:49:34
Roc,2020/07/10 20:25:40
Silica,2020/07/04 19:09:49
DeCourcy Mountain,2020/06/20 21:37:59
Pastoliak River,2020/06/20 21:43:17
Pine Ridge,2020/06/27 18:51:14
Gilmore Creek,2020/07/10 20:22:14
Nimiuktuk River,2020/06/20 21:42:29
Roller Coaster - Prairie,2020/07/21 23:21:09
Red Drum,2020/07/20 13:19:51
Aklumayuak Creek,2020/06/20 21:42:28
Engineer Lake,2020/06/23 19:01:50
Rock Creek,2020/07/10 20:22:40
R2 - Trumbull,2020/07/22 21:09:45
Strawberry,2020/07/22 17:43:38
Yellow River 2,2020/06/29 21:11:25
Roadside - Dawson,2020/07/28 16:11:46
Greenhouse,2020/07/23 23:40:05
Bitter Creek,2020/07/28 18:22:27
Willow,2020/07/28 19:23:17
Chandler,2020/07/26 01:34:14
84,2020/07/28 21:39:18
EAGLE PASS,2020/07/16 19:30:08
Divide - Dawson,2020/07/28 22:07:38
Polecat,2020/07/28 17:58:47
BONANZA,2020/07/17 21:40:08
King Hill Canal,2020/07/28 23:58:42
Williams,2020/07/23 21:16:14
Bringham,2020/06/23 12:42:31
Over,2020/07/29 19:10:24
PRD340,2020/07/05 22:29:13
Warsaw,2020/07/29 23:17:39
Fresnal,2020/07/29 23:35:10
S-4 SHELDON,2020/07/27 20:00:04
Indian Springs,2020/07/30 02:37:45
Brook,2020/07/30 08:13:36
Dragon Rock,2020/07/30 17:01:14
Moon,2020/07/17 22:46:48
Lone Rock,2020/06/21 21:17:58
Warm,2020/07/31 16:16:06
Blue River 2,2020/07/19 23:29:07
Buck Butte,2020/07/31 18:59:55
Anniversary,2020/07/10 20:25:18
East Fork,2020/07/27 22:30:53
Matlock,2020/08/01 04:42:19
COWHEAD,2020/07/31 23:55:04
Indian Valley,2020/08/01 20:33:48
Trail,2020/08/02 17:19:08
WATERHOLE,2020/07/10 20:23:05
BASQUE,2020/07/10 20:25:47
Magote,2020/07/10 20:24:18
SEELY ,2020/07/30 20:25:06
Myers - Garfield ,2020/08/03 17:12:55
Sage Road,2020/07/30 19:35:30
Table legs,2020/08/03 18:32:48
Dry Creek,2020/07/30 01:05:37
CLARKELEN,2020/08/03 20:30:08
ZERO ROAD,2020/07/19 19:00:05
Gas Hills,2020/08/03 23:12:44
Frost Draw,2020/08/04 01:09:09
KONNOWAC,2020/08/04 03:43:15
Halfway,2020/08/03 21:15:05
Elsmere,2020/08/04 14:33:18
BROKEN TRAIL,2020/08/04 16:37:33
TRAIL BLAZER,2020/08/04 17:34:54
Power County Assist 1,2020/08/04 23:47:00
Battle,2020/08/04 23:13:31
KNOLL,2020/08/04 20:59:22
Grassy,2020/06/19 21:52:51
EAST RIVER,2020/08/05 02:37:27
State Line,2020/08/04 19:12:41
DALTON,2020/08/06 01:11:13
ALLEN,2020/08/06 01:11:13
St Michael,2020/06/20 21:38:32
Lost River,2020/08/06 17:52:22
Sage Road,2020/07/15 20:25:42
War Canyon,2020/08/06 22:09:48
MM78 I84,2020/08/07 01:03:04
Buckhorn Creek,2020/08/07 01:08:07
Texas,2020/08/07 11:54:47
Juniper Park ,2020/08/07 20:01:49
COULEE MEADOWS,2020/07/31 04:20:07
Collins,2020/08/07 19:03:19
Mud Creek ,2020/08/08 16:43:47
PUCKER HILL 0519 RS,2020/08/08 16:53:50
Bobcat,2020/08/08 16:21:06
Bumble Bee,2020/08/08 21:42:21
Upper Provo,2020/08/06 10:08:54
Alder creek,2020/08/08 18:27:13
Palace ,2020/08/04 03:26:44
Sugar,2020/08/09 14:12:41
Cresent Valley A,2020/08/09 17:01:52
NORTH BROWNSTOWN,2020/08/06 23:45:06
205 ,2020/08/09 17:59:12
205 ,2020/08/09 17:59:12
Lake Walcott,2020/08/09 20:59:15
CANYON,2020/08/01 16:30:20
Margies Assist,2020/08/06 16:05:53
4600,2020/08/09 23:52:02
Headlight,2020/07/01 04:01:57
Iron County Landfill,2020/07/06 17:06:10
Sixshooter,2020/07/10 20:24:02
White Mountain 2,2020/06/20 21:39:10
Muskrat,2020/07/08 01:39:44
TL Blue Creek,2020/07/10 20:21:09
Second Creek,2020/07/10 20:25:29
Lou Lake,2020/06/20 21:39:47
Parowan,2020/07/07 17:26:46
Aurora,2020/06/28 22:01:56
horse,2020/07/07 23:47:46
Waterline,2020/06/29 17:10:25
Paragon River,2020/06/20 21:39:13
Lees Creek,2020/07/01 21:02:53
Soldier Pass 2,2020/07/04 17:15:44
Fish River,2020/06/20 21:39:19
Clinton Landing,2020/07/04 20:01:16
Eagle,2020/07/07 15:52:14
Duck,2020/08/10 10:27:27
Balanced Rock,2020/08/05 01:33:52
Scriver,2020/08/10 15:31:25
Cow Creek,2020/08/10 18:14:36
Aviator 2,2020/08/10 18:25:35
Sunset,2020/08/10 19:29:30
Bacon Creek,2020/08/10 21:54:36
PINK,2020/08/09 04:07:04
JOHNSON 2,2020/08/09 19:37:43
Halverson,2020/08/11 18:35:03
Dicky Road,2020/08/11 20:18:52
Ponderosa - Wibaux,2020/08/11 21:40:29
Percy West,2020/08/11 21:37:03
Secrest - Harding,2020/08/12 15:57:45
STAGECOACH,2020/08/03 22:35:05
Porcupine ,2020/08/12 22:05:05
Iron Mountain ,2020/07/10 20:23:02
Stage Fire,2020/07/10 20:19:36
MOWER,2020/07/10 20:23:52
Highway 138,2020/07/09 22:39:31
Parallel,2020/07/10 20:21:42
South Lone Rock,2020/07/08 22:40:56
Aquila,2020/06/24 02:29:32
CAD#: 20-225648 ,2020/07/10 20:21:01
Agua Fria,2020/07/10 20:20:14
Picture Canyon,2020/07/03 20:07:33
Wagon fire ,2020/07/02 23:17:15
Circle,2020/07/10 20:21:12
Eaton - Prairie,2020/08/13 15:08:11
Phillips Creek,2020/08/13 15:18:47
East Airboat,2020/08/13 15:48:33
Harry,2020/08/13 18:18:36
South Valley,2020/08/13 18:18:43
Marble Bluff,2020/08/13 18:18:57
Ash Pit,2020/08/13 18:18:37
Redrock,2020/08/13 18:18:39
Parson 2,2020/08/13 18:19:08
Candle,2020/08/13 18:21:35
Cole,2020/08/13 18:20:41
Bart,2020/08/13 18:19:10
Rams Horn,2020/08/13 18:20:17
Stillwell,2020/08/13 18:19:54
Bald,2020/08/13 18:20:43
Cielo,2020/08/13 18:19:07
Boulevard ,2020/08/13 18:21:27
Frozen Toe,2020/08/13 18:21:42
Cress,2020/08/13 18:21:34
MM 99,2020/08/13 18:20:44
Cemetery ,2020/08/13 18:20:00
Peavine,2020/08/13 18:20:32
CCFD 8 - Sunset,2020/08/13 18:21:00
Bean Flat,2020/08/13 18:21:25
Mile Marker 14,2020/08/13 18:21:05
Henderson ,2020/08/13 18:18:58
Hidden Valley,2020/08/13 18:20:52
Reverence,2020/08/13 18:19:50
MM 12,2020/08/13 18:23:22
MM 151,2020/08/13 18:20:26
Sloan 22,2020/08/13 18:20:33
Sonoma,2020/08/13 18:22:50
Pearl,2020/08/13 18:23:19
MM 203 B,2020/08/13 18:20:16
Center,2020/08/13 18:21:48
Ravenswood ,2020/08/13 18:20:03
Sloan 9,2020/08/13 18:23:27
Elk,2020/08/13 18:20:20
Sloan 23,2020/08/13 18:19:39
Pilot Valley,2020/08/13 18:20:48
Mesa Verde,2020/08/13 18:20:18
Ferber Hills,2020/08/13 18:22:35
Rose,2020/08/13 18:20:08
Sandy Valley Road,2020/08/13 18:20:30
Elbow Canyon,2020/08/13 18:21:27
Turtlehead,2020/08/13 18:20:23
Patterson ,2020/08/13 18:19:47
Silver ,2020/08/13 18:21:19
Lake Mead,2020/08/13 18:19:17
Yahoo,2020/08/13 18:21:55
Antelope ,2020/08/13 18:21:38
Victory,2020/08/13 18:21:36
MM 165,2020/08/13 18:23:14
Johnson,2020/08/13 18:21:15
Hill,2020/08/13 18:19:25
Line,2020/08/13 18:21:34
River Bottom ,2020/08/13 18:20:42
Pilot,2020/08/13 18:22:29
Sloan 5,2020/08/13 18:20:46
South Center,2020/08/13 18:23:28
Bishop,2020/08/13 18:23:20
Twelvemile,2020/08/13 18:19:18
Sloan 2,2020/08/13 18:20:54
Arrow Basin,2020/08/13 18:20:10
Stony,2020/08/13 18:19:22
Mile Marker 25,2020/08/13 18:19:16
Gulley,2020/08/13 18:23:24
Frenchman 2,2020/08/13 18:19:17
Lake Mead 2,2020/08/13 18:23:10
Hobson,2020/08/13 18:22:20
Sloan 4,2020/08/13 18:23:08
Sloan 8,2020/08/13 18:20:34
Mahogany,2020/08/13 18:20:31
MM 91,2020/08/13 18:23:26
Summer Hill,2020/08/13 18:23:29
MM 171,2020/08/13 18:21:16
Foothills 2,2020/08/13 18:19:15
Monroe,2020/08/13 18:23:05
Bat,2020/08/13 18:20:35
Sloan 24,2020/08/13 18:22:15
Crystal Peak,2020/08/13 18:22:03
Spring,2020/08/13 18:23:26
Smith,2020/08/13 18:19:27
Roach,2020/08/13 18:21:17
Point,2020/08/13 18:22:08
Sandy Valley 1,2020/08/13 18:20:12
Mile Marker 17,2020/08/13 18:22:25
Timber Mountain,2020/08/13 18:23:15
Branding Iron ,2020/08/13 18:21:40
Monarch,2020/08/13 18:19:30
MM 24,2020/08/13 18:20:25
Wildcat,2020/08/13 18:21:45
Brady 2,2020/08/13 18:19:24
Tropical,2020/08/13 18:23:06
Foothills 1,2020/08/13 18:19:15
Sunrise Mountain,2020/08/13 18:19:44
Deerlodge,2020/08/13 18:20:07
Magic Mountains,2020/08/13 18:20:37
Empress,2020/08/13 18:19:55
Poeville Road,2020/08/13 18:19:19
Taylor Springs,2020/08/13 18:19:09
Erie,2020/08/13 18:20:50
Ibapah,2020/08/13 18:20:59
Late Night,2020/08/13 18:20:21
Big Summit,2020/08/13 18:21:47
North Creek,2020/08/13 18:19:43
Powerline,2020/08/13 18:20:29
Blue Ribbon,2020/08/13 18:19:34
Spanish Trail,2020/08/13 18:20:18
Churchill Buttes,2020/08/13 18:21:24
Echo Bay,2020/08/13 18:22:47
Power ,2020/08/13 18:22:18
Fairview,2020/08/13 18:20:38
MM 203,2020/08/13 18:21:13
Sloan 17,2020/08/13 18:20:58
10 mile,2020/08/13 18:19:13
Sheep Creek,2020/08/13 18:23:30
Meadow Valley,2020/08/13 18:23:34
Chicken,2020/08/13 18:23:37
Cedar,2020/08/13 18:23:36
Jobs,2020/08/13 18:23:38
Trout Creek,2020/08/13 18:23:32
Red,2020/08/13 18:56:19
Cresent Valley B,2020/08/09 16:55:34
Canyon Point,2020/08/13 21:34:07
Mutton,2020/08/13 20:37:24
Red,2020/08/13 20:32:57
Beowawe,2020/08/14 02:00:44
Pine,2020/08/14 02:32:23
Gibson Ditch - Wibaux,2020/08/14 16:53:04
Grassy Mountain,2020/08/14 20:46:42
Trust,2020/08/15 01:50:01
Mosier Creek,2020/08/14 16:14:35
Chewaucan,2020/08/16 02:01:17
American Road,2020/08/16 02:15:01
Poodle,2020/08/16 12:55:03
273,2020/08/16 16:29:08
Road,2020/08/16 20:19:00
Howell Canyon,2020/08/16 21:27:17
Collins,2020/08/16 22:54:11
County Line,2020/07/30 04:58:04
Jersey ,2020/08/17 02:37:47
Felt Dam,2020/08/17 01:46:25
Canyon,2020/08/17 02:57:13
MM 164,2020/08/13 18:19:36
Rookery Branch 2,2020/07/14 20:33:37
Powerline,2020/07/01 04:09:45
Mile Marker Ninety Seven,2020/07/11 17:12:28
Anderson Junction,2020/07/15 20:44:10
Pony,2020/07/12 19:44:07
New Forest,2020/08/13 18:18:51
SPD-284,2020/07/06 03:25:00
Kochilagok Hill,2020/06/20 21:41:45
Tank,2020/07/27 23:41:57
Cougar,2020/08/17 02:27:41
Canyon Creek,2020/08/07 21:51:47
PINE TREE JUNCTION,2020/08/17 20:21:18
Wood Canyon,2020/08/16 15:50:09
Easy,2020/08/17 23:06:08
R-6,2020/08/18 00:01:05
TAYLOR POND,2020/08/17 15:00:04
Golconda,2020/08/18 16:39:34
Hatchett - Prairie,2020/08/18 17:42:04
Zero - Prairie,2020/08/18 18:27:04
Michaud Creek,2020/08/18 21:35:17
Steinmetz Creek ,2020/08/18 16:50:05
R-5,2020/08/17 20:00:04
Krozier,2020/08/19 02:53:27
Anderson Crossing,2020/08/19 04:10:24
North Cottonwood,2020/08/09 03:17:30
Bronco,2020/08/19 17:32:16
Bancroft,2020/08/19 17:15:52
Shooting Range,2020/08/09 02:24:20
CALDWELL,2020/08/06 01:11:13
Mackey Canyon,2020/08/20 01:39:22
North Carter,2020/08/20 02:24:54
West Juniper,2020/08/19 02:24:12
Bear Paw,2020/08/19 17:31:41
Elk,2020/08/20 02:29:29
Beach,2020/08/20 04:10:55
Crane,2020/08/16 21:05:04
Jones Point,2020/08/20 10:49:55
Rock Springs,2020/08/20 14:49:47
Hess,2020/08/19 22:54:42
Muleshoe,2020/08/20 17:19:46
Black Pine,2020/08/20 18:01:16
Saw Mill ,2020/08/20 18:13:55
Big Rock,2020/08/19 22:30:29
East Armells,2020/08/20 18:48:54
Little Mud Creek,2020/08/19 03:15:04
BALDY,2020/08/18 02:05:05
Gun Range Fire,2020/08/20 21:49:41
CHIEF TIMOTHY,2020/08/20 23:01:12
Mickey,2020/08/20 22:55:37
Wood Lake,2020/08/20 20:31:32
NORTH BROWNSTOWN 3,2020/08/16 21:50:06
Red Butte,2020/08/21 00:36:25
R-1 MAPES,2020/08/11 04:00:04
Wildcat ,2020/08/21 03:41:42
TULE ROAD,2020/08/17 05:50:05
Aurora Ridge ,2020/08/21 03:45:22
Ridge,2020/08/21 15:57:02
Mildred,2020/08/21 16:35:38
Copeland,2020/08/21 16:13:17
Putnam Springs,2020/08/19 20:15:06
East Myton,2020/06/19 21:52:25
Jack,2020/08/13 18:18:44
Jim Canyon 3,2020/07/09 20:48:51
Spring Fire,2020/06/24 01:29:42
Island Ridge,2020/07/19 17:57:19
Dome Top,2020/08/13 17:07:05
Rose ,2020/08/13 18:23:07
Pitch Fork,2020/06/19 21:52:42
Oscar Assist,2020/07/27 14:55:05
Spring Creek 3,2020/07/17 20:04:52
Northeast Canyon,2020/07/28 00:03:52
Wetlands CCFD 2,2020/08/13 18:22:04
Mineral,2020/07/19 21:02:56
Pine Creek,2020/08/13 18:20:04
Ridge,2020/08/13 18:19:57
Sage Junction,2020/07/04 21:13:51
Diamond,2020/08/13 18:19:26
Somersett,2020/08/16 22:22:57
West Bank,2020/07/26 01:55:18
Tivehvun Lake,2020/06/23 15:42:30
Gold,2020/07/31 19:26:38
Quarterhorse - Rosebud,2020/07/20 18:47:11
Spring Creek 2,2020/06/26 18:18:39
Gold,2020/08/15 02:39:38
WALKER,2020/07/15 17:55:19
Bear Rapids,2020/07/16 01:15:02
Castleton,2020/08/13 18:23:33
R-6 MIXIE FLAT,2020/07/29 16:19:18
Sloan 18,2020/08/13 18:23:13
Sloan 16,2020/08/13 18:19:51
Sliman Reservoir,2020/07/10 20:24:44
La Mancha,2020/08/13 18:22:17
Iris,2020/07/27 04:25:42
Musser ,2020/07/27 00:13:04
Corral,2020/07/09 18:59:40
East Canyon,2020/07/10 20:24:26
Dugout - Garfield,2020/08/03 17:00:57
South Idahome,2020/08/20 03:16:15
Florida Canyon,2020/08/13 18:21:28
McDonaldville,2020/07/10 20:25:04
South,2020/08/13 18:19:49
Dutch,2020/08/13 18:21:12
North Stansbury,2020/06/19 21:52:44
0409 PR,2020/07/15 20:51:49
Railroad,2020/08/13 18:19:20
North Fork,2020/06/20 21:38:21
Riverbed,2020/08/13 18:18:40
117,2020/08/09 18:09:19
North,2020/08/13 18:22:55
Drops,2020/08/01 14:26:26
Chicken Creek,2020/07/08 22:27:23
Valley,2020/08/07 18:30:43
Fairhaven Creek,2020/06/20 21:41:25
Old Tyler,2020/07/31 17:18:15
CHEYENNE RIVER,2020/07/27 20:20:04
Kawichiark River 4,2020/06/20 21:41:26
Big Creek,2020/06/20 21:41:14
Truck Stop,2020/08/13 18:23:01
Ten,2020/07/10 20:26:52
Happy,2020/08/13 18:21:37
North,2020/08/13 18:20:02
MM81 I84,2020/08/15 19:34:06
Stillwater,2020/06/19 21:54:18
North Wendell ,2020/07/28 00:04:11
Sloan 7,2020/08/13 18:23:12
Coyote,2020/06/19 21:52:27
2120 Foot,2020/08/13 18:19:45
Shoe tree,2020/08/13 18:20:33
Pleasant Valley,2020/07/28 00:04:15
Valley,2020/08/13 18:19:21
Embar,2020/08/09 21:11:59
Winter Springs,2020/06/19 21:54:44
Plum,2020/08/04 16:45:13
Alfred Creek,2020/06/20 21:40:15
Median,2020/07/12 23:03:37
Dennis Hill ,2020/07/21 19:23:49
Little Lonesome,2020/07/16 14:07:10
Crows Nest,2020/07/28 00:04:13
Leota,2020/06/23 17:29:57
Clover,2020/08/13 18:20:05
Tumit Creek,2020/06/20 21:42:30
Moonfish,2020/07/10 12:53:55
Saddle,2020/08/13 18:22:11
Hyndman,2020/07/28 22:05:50
Bliss Dump,2020/07/28 20:41:52
JUNGLE CREEK ,2020/08/17 20:55:07
Seep Ridge,2020/06/19 21:53:20
Osgood,2020/08/13 18:19:52
Khotol Slough,2020/06/20 21:42:25
WICKIUP ROAD 473 PR,2020/07/29 19:30:24
Melozitna River,2020/06/20 21:42:15
Bradley,2020/08/10 03:38:44
Ravenswood 2,2020/08/13 18:22:12
Grindstone Butte,2020/07/28 00:04:14
Stewart Canyon,2020/08/13 18:21:22
No Creek,2020/06/20 21:38:31
MM 60,2020/08/13 18:21:33
Adams,2020/07/27 04:05:06
North Lena,2020/08/13 18:21:31
ponderosa,2020/07/08 21:10:06
Magic Waters,2020/08/19 20:53:11
Spring,2020/07/06 14:52:09
Hollow,2020/08/02 01:37:55
Flint Mesa,2020/07/10 20:22:17
Mud Lake,2020/08/14 01:42:59
Richmond,2020/08/04 19:11:29
CRONAN,2020/07/10 20:25:57
Taft,2020/08/13 18:20:42
Tea Kettle ,2020/07/10 20:22:41
Area-16,2020/08/13 18:19:41
Franklin County Assist 1,2020/08/01 03:22:19
Mullen Canyon,2020/08/13 18:18:38
North Center,2020/08/13 18:21:29
Smoke Shop,2020/08/13 18:21:08
Pyramid  Lake,2020/08/13 18:18:48
Barney,2020/08/13 18:20:09
Indian Springs,2020/07/17 05:59:38
Thunder,2020/08/17 17:52:52
Old Lost,2020/06/20 21:41:41
Carp,2020/08/13 18:22:37
Soldier,2020/08/17 22:12:24
Tikura,2020/07/28 00:03:50
Zane Hills,2020/06/20 21:39:20
Painter,2020/08/12 23:15:05
South Dietrich,2020/08/06 16:15:53
Baker Canyon ,2020/07/10 01:37:26
Jenny Creek ,2020/07/28 02:30:04
Patrick ,2020/08/13 18:18:49
Hardscrabble 1,2020/08/13 18:21:01
Rowdy,2020/08/13 18:19:46
Sloan 15,2020/08/13 18:19:53
Rock Fish,2020/07/16 14:55:06
Lucky,2020/07/27 16:32:28
Muddy Mtn,2020/08/13 18:20:45
Mule Springs,2020/08/13 18:21:18
North Center 2,2020/08/13 18:20:57
Luck,2020/08/11 19:20:07
White,2020/08/13 18:23:02
DRY DEEP CREEK,2020/08/06 15:53:53
Alkali Ridge,2020/07/15 20:48:39
Swamp Spring,2020/08/13 18:19:32
Mangum,2020/06/26 16:04:11
Big Springs ,2020/06/19 21:54:38
Aklumayuak Creek 2,2020/06/20 21:42:27
Knolls,2020/06/29 19:44:56
Thomas,2020/08/19 17:10:43
Ruiz Lake,2020/07/13 13:11:17
Beaver Creek,2020/08/01 16:18:59
Wire Pass,2020/06/27 23:11:16
Picabo,2020/07/29 13:03:07
Birch Creek,2020/08/06 23:51:44
Juniper Butte ,2020/08/15 16:36:28
Reindeer Creek,2020/06/20 21:42:08
Shafter,2020/08/13 18:21:52
Trout Creek,2020/06/20 21:42:16
Black Canyon,2020/07/04 13:52:17
NORTH BROWNSTOWN 2,2020/08/08 14:40:04
Sloan 19,2020/08/13 18:20:14
Sloan 21,2020/08/13 18:22:14
Madison Creek,2020/07/08 22:29:09
Lane,2020/08/13 20:10:31
MM 7A,2020/08/13 18:18:52
Catterson Creek,2020/08/10 18:40:04
Poeville ,2020/08/13 18:21:20
Coyote,2020/08/07 01:44:40
TRIMMER,2020/08/17 17:06:58
Dun Glen,2020/08/17 05:39:07
Taylor Creek,2020/08/18 16:44:21
Black Rock 2,2020/06/22 17:12:24
Nip and Tuck,2020/08/11 16:00:35
Road D SPD-305,2020/07/09 20:17:38
Whiskers Draw,2020/06/19 21:52:31
ELDER,2020/08/17 19:30:04
Blue Gill,2020/07/08 13:52:07
Unionville Assist,2020/08/18 05:15:19
SUNSET,2020/07/28 19:59:37
Vista,2020/08/13 18:18:42
Lucin,2020/06/19 21:54:22
Generic,2020/07/17 22:19:48
Guava,2020/07/20 14:59:47
Wildcat,2020/08/18 00:30:05
Stupa,2020/08/04 20:48:18
Porcupine,2020/06/23 16:31:30
Hidden Dome,2020/08/09 16:00:06
Sloan 13,2020/08/13 18:23:30
Bingham County Assist 2,2020/08/03 23:05:01
Cabin Creek,2020/07/14 15:11:48
Cap,2020/07/28 00:03:53
Sloan Shoot,2020/08/13 18:20:22
Cottonwood,2020/08/13 18:23:11
Jiggs,2020/08/13 18:21:30
Eckman Coulee - Garfield,2020/08/03 17:06:10
Caribou Road,2020/06/20 21:35:51
Gold,2020/08/13 18:22:11
Abbott,2020/07/14 15:25:26
Little Toe,2020/08/13 18:19:40
Broad Canyon,2020/06/19 21:53:41
George Fire,2020/07/29 18:56:04
Dry Gulch,2020/07/25 21:27:59
Mullet West,2020/07/20 14:06:34
MM 7C,2020/08/13 18:18:54
AMERICA,2020/07/10 20:26:09
Sheldon,2020/08/13 18:20:51
EDWARDS,2020/07/10 20:24:15
Scrabble,2020/08/20 00:13:02
Chinese Peak,2020/07/20 19:02:03
Limerick,2020/08/18 21:20:30
Graves Creek,2020/08/17 00:40:05
Cobia,2020/07/20 13:02:17
CARLSON,2020/07/20 19:37:12
MARK,2020/07/31 17:05:25
Jakes,2020/08/13 18:22:59
Sloan 6,2020/08/13 18:21:33
Browns,2020/07/28 00:03:58
Rock Path,2020/06/27 03:19:56
Mud Flat,2020/07/29 13:23:23
Poverty Point,2020/07/15 16:21:43
Banddana Creek,2020/06/23 16:12:37
Winter Kill,2020/08/19 17:27:12
Settlers Bay Golf Course,2020/06/20 21:35:50
West Slope,2020/07/28 00:03:51
Bagley,2020/08/13 18:22:06
Crestview,2020/07/08 14:10:18
Sheepshead,2020/07/20 15:03:03
Arrow Canyon,2020/08/13 18:23:00
Bowknot,2020/06/19 21:52:44
Mccornick,2020/06/19 21:52:39
Twin,2020/08/13 18:19:12
Snakehead,2020/07/20 14:15:45
Blue Creek,2020/07/23 17:05:35
Sodhouse,2020/07/08 21:33:51
Isom Creek,2020/07/06 21:48:53
Coyote,2020/08/13 18:19:28
Rock Creek 0103 RN,2020/07/10 20:21:33
Tabby Canyon,2020/06/19 21:52:45
Coffee Dome,2020/06/20 21:42:58
Chukar,2020/08/10 19:44:52
Idahome,2020/07/28 22:06:32
Innoko,2020/06/23 17:16:43
Center 2,2020/08/10 02:13:19
Magic 1,2020/08/13 18:19:14
Hettinger,2020/07/22 20:20:18
Toe,2020/08/13 18:22:43
Lady Face ,2020/07/22 00:16:06
Little City,2020/07/10 20:22:39
Dogskin MT,2020/08/16 02:51:05
Hog,2020/08/04 21:09:57
TJ,2020/06/19 21:52:39
Communications Tower,2020/08/13 18:23:31
Rosland Road 0429 NE,2020/07/20 14:38:00
MM 58,2020/08/13 18:22:44
Rabbit Mountain,2020/06/20 21:41:12
Sage,2020/08/13 18:19:34
Sloan 14,2020/08/13 18:22:33
Voyage,2020/08/13 18:19:42
Murphy,2020/06/22 21:31:18
Dump Rd,2020/08/13 18:22:27
PALMER,2020/08/18 22:15:06
Bedrock,2020/07/06 22:11:30
Pony Express,2020/08/13 18:18:58
Hogan,2020/08/13 18:20:06
Prairie,2020/08/17 12:46:26
Lund,2020/07/08 17:40:18
Pillar Falls,2020/07/21 17:54:58
Numbers,2020/08/13 18:19:55
Rabbit River,2020/06/20 21:43:23
Crevelle,2020/07/20 14:00:18
Sheenjek River,2020/07/20 15:35:20
Fort Hall Assist 3,2020/08/04 16:13:14
Comet,2020/08/13 18:20:40
Kanuti River,2020/06/20 21:40:07
Yankee Slough 3 ,2020/07/15 22:58:03
Minidoka Dam,2020/08/18 01:45:07
Elberta ,2020/06/19 21:53:14
Big Hollow,2020/08/05 00:37:18
Slaughterhouse,2020/06/30 16:00:07
Thompson ,2020/08/08 20:19:26
Horn Mountain,2020/08/06 18:00:54
Little Tonzona River,2020/06/20 21:40:18
Malaspina,2020/06/20 21:35:52
Kateel River,2020/07/15 22:58:40
Trumpeter,2020/06/20 21:35:57
North Hansen Bridge,2020/07/17 14:28:15
Rowena,2020/07/10 20:25:25
MM 129,2020/08/13 18:23:25
Mcfait Canyon,2020/07/27 13:05:11
Big River,2020/06/23 17:26:55
MM 7B,2020/08/13 18:18:53
Gardner,2020/08/20 01:55:23
Sun,2020/08/13 18:18:55
Trail Through Time,2020/07/09 20:52:00
Titnuk Creek,2020/07/22 18:07:39
Kimama,2020/07/13 02:40:42
Juniper,2020/07/28 00:03:54
Richard Mtn,2020/08/07 16:10:39
Muddy Creek,2020/07/16 22:41:15
MM 116,2020/08/13 18:22:30
Constantia,2020/08/13 18:19:29
Golden,2020/07/27 20:20:04
Antelope,2020/07/24 14:17:28
Bighorn,2020/07/12 02:45:21
Devils Armchair,2020/08/19 15:04:28
Victoria Creek,2020/06/23 15:29:39
Imikneyak Creek,2020/06/20 21:42:26
Lower Kobuk Canyon,2020/06/20 21:41:13
Izzenhood Road,2020/08/19 07:13:39
Central,2020/06/22 23:05:29
Brown,2020/08/13 18:20:24
Stewart,2020/07/14 18:20:48
Horn,2020/07/22 22:19:51
Turkey Farm Road,2020/07/15 16:21:02
Dry Creek,2020/07/10 20:25:43
Marys,2020/08/11 04:25:24
Spring Rain,2020/08/13 18:18:47
Crippen,2020/08/09 20:27:17
Dunlap ,2020/08/13 18:21:50
Telegraph,2020/07/09 15:40:21
FIR MOUNTAIN,2020/08/02 07:00:04
Prairie,2020/08/14 17:03:51
Bertschi Road,2020/07/18 01:44:17
COLOCKUM,2020/07/24 22:15:04
Mule Springs 5,2020/08/13 18:19:48
Sloan 12,2020/08/13 18:22:14
Red,2020/08/13 18:21:31
Bannock County Assist 3,2020/08/05 23:19:04
South Milk,2020/08/18 01:10:40
Neals Hill,2020/08/07 18:34:57
Apex,2020/08/13 18:23:04
Engineer Lake 2,2020/06/20 21:40:14
Lucy,2020/07/20 19:36:04
Willows,2020/08/13 18:19:35
Whiskey,2020/08/19 14:35:53
MP 6,2020/07/10 20:19:45
Black River,2020/06/20 21:42:59
Powerline,2020/08/13 18:19:00
Kgun Lake,2020/08/04 19:10:51
Kawichiark River 2,2020/06/20 21:41:25
Yellow Jack,2020/07/20 14:59:45
Krumbo,2020/07/31 18:59:55
9Th Street,2020/06/19 21:52:40
MM 167,2020/08/13 18:23:39
Railroad,2020/08/13 18:20:11
Yellow Jacket,2020/07/29 23:03:18
Dixie,2020/08/10 19:05:58
MM 111,2020/08/06 20:50:53
R-3 SKEDDADLE,2020/07/22 22:01:38
Miller,2020/08/13 18:19:10
Leaf Lake,2020/06/20 21:35:55
Loop ,2020/08/13 18:23:16
Ruby Hill,2020/08/13 18:18:38
GREEN,2020/07/27 23:35:04
MILEPOST 26,2020/08/06 16:58:37
Shannon,2020/06/22 19:27:46
Nageethluk River,2020/06/20 21:39:22
Big Waldren Fork,2020/06/20 21:42:53
Hidden Shores,2020/07/10 20:20:30
Sloan 20,2020/08/13 18:19:47
Dall River,2020/06/20 21:40:05
Harper Draw,2020/07/30 16:51:57
Mullet East,2020/07/20 14:04:04
Sandy,2020/07/25 16:04:16
Hat,2020/07/28 00:04:04
Black Butte,2020/07/24 16:45:29
Gap,2020/08/13 18:19:59
Dry,2020/08/13 18:19:33
Peridot,2020/06/20 21:35:46
Gold Mountain,2020/07/15 16:12:40
Hubby,2020/08/04 15:49:13
Stage,2020/08/01 02:34:54
Allen,2020/07/15 19:26:26
Green Meadows,2020/07/14 20:32:11
Laney,2020/08/19 19:05:51
East Beach Road,2020/07/30 00:55:04
Stockyard,2020/08/13 18:22:07
Conns - Prairie,2020/07/21 23:03:06
Cold,2020/08/13 18:21:09
Silver,2020/08/13 18:21:38
Apex,2020/07/23 15:30:05
Whitewater,2020/07/22 15:03:24
Cottonwood ,2020/07/28 21:30:47
Golden Eagle 1,2020/08/13 18:22:01
Parleys,2020/08/07 15:56:15
Little Chena - South,2020/06/20 21:43:06
Baldy,2020/08/13 18:21:49
Rookery Branch,2020/07/10 20:24:41
Harney River,2020/07/10 20:24:42
Thumb,2020/07/19 17:51:09
Interchange,2020/07/24 20:40:58
Eagle 2,2020/08/13 18:21:40
Any Creek,2020/07/20 18:26:47
Vegas Blvd,2020/08/13 18:22:54
Gar,2020/07/20 16:04:45
SPRING CREEK,2020/08/14 22:23:27
Cedar Fort,2020/08/13 02:42:37
POISON SPIDER 2,2020/08/04 12:57:06
Sunrise Creek,2020/06/23 22:35:28
Garland Creek,2020/06/20 21:43:21
Guinn Canyon,2020/08/07 19:33:20
MM 150,2020/08/13 18:21:57
Lead Draw,2020/07/09 00:11:28
Pine Hollow,2020/07/30 02:10:04
Dry Meadows,2020/07/10 20:23:22
Hidden Valley 2,2020/08/13 18:23:35
Ingakslugwat Hills,2020/07/15 16:34:09
Shungnak River,2020/06/20 21:43:20
Slate,2020/07/22 19:57:10
SUNDAY AFTERNOON,2020/07/10 20:21:29
Hog,2020/07/12 22:34:25
Nageethluk River 1,2020/06/20 21:39:23
Water Tower,2020/07/18 13:01:23
Lost,2020/08/13 18:22:57
Innoko Headwaters,2020/06/23 17:11:25
ALKALI ,2020/08/19 00:30:04
Rock Farm,2020/08/13 18:20:56
Simon Creek,2020/06/29 18:06:27
Lanae ,2020/08/13 18:19:20
Saddle,2020/08/19 19:58:03
Bearpaw Mountain,2020/07/15 16:17:05
Dugway ,2020/08/21 14:03:49
244,2020/08/21 20:32:02
Timber - Fallon,2020/08/21 20:46:01
Hidden Water - Fallon,2020/08/21 20:57:09
Young ,2020/08/19 05:04:01
Lander - Fallon,2020/08/21 21:13:47
Squabble - Fallon,2020/08/21 22:21:21
Johnson - Fallon,2020/08/21 22:25:36
Upper Cramer,2020/08/21 22:26:53
Badger Lake,2020/08/21 23:43:15
Ormill,2020/08/21 23:04:04
HOG RIDGE 0739 PR,2020/08/22 02:15:00
Iron,2020/08/17 17:50:05
Salt,2020/08/22 13:35:38
Sunny Gulch,2020/08/22 16:34:09
Flat,2020/08/22 17:30:44
MOC,2020/08/20 19:40:06
NAVAL OIL,2020/08/22 19:36:28
YU,2020/08/22 20:13:59
Wildhorse,2020/08/20 17:26:27
Hammer,2020/08/22 23:48:43
Sitkum,2020/08/23 01:24:02
Indian Creek,2020/08/23 02:55:34
Laurel ,2020/08/23 17:25:29
Black Canyon,2020/08/23 17:51:42
Lake,2020/08/23 18:18:42
Tonkin,2020/08/23 18:37:24
Blackfoot,2020/08/23 19:41:01
Cree,2020/08/23 19:58:18
Elk Creek,2020/08/24 00:32:51
MM207,2020/08/23 18:25:04
Locust Spring,2020/08/24 15:45:08
Atkin Spring,2020/08/24 16:30:14
Little Purgatory,2020/08/24 16:39:38
Red ,2020/08/24 16:52:55
Gravel - Fallon,2020/08/24 18:55:17
Pinnow - Fallon,2020/08/24 19:12:36
Bowers,2020/08/24 19:37:11
Sandstone - Fallon,2020/08/24 19:40:01
Rising - Fallon,2020/08/24 19:59:27
Greenville,2020/08/24 20:19:39
Baboon,2020/08/24 20:22:47
Beaver - Fallon,2020/08/24 20:40:29
Dry - Fallon,2020/08/24 21:10:46
Willard - Fallon,2020/08/24 21:55:13
First,2020/08/24 22:28:00
Little,2020/08/24 22:34:51
Copper,2020/08/18 22:35:05
Hager Ridge,2020/08/24 23:20:25
Horse,2020/08/24 23:20:25
Paxton,2020/08/18 22:15:06
Davis,2020/08/18 21:55:07
Gray Hill,2020/08/24 20:22:02
Gray Hill 2,2020/08/24 21:53:18
Polethief Canyon,2020/08/25 01:29:13
Boxcar,2020/08/21 23:59:06
Greek Spring,2020/08/25 00:29:37
Trout Point,2020/08/25 04:30:36
Meadow Mine 2,2020/08/25 10:54:10
Dalton Wash,2020/08/25 13:29:33
ANGLIN,2020/08/25 13:59:21
Wolverine Canyon,2020/08/25 14:47:03
cedar,2020/08/23 14:47:05
Scrub,2020/08/25 15:31:02
Meadow Mine,2020/08/25 15:48:02
Smoky,2020/08/25 15:52:00
Herrin,2020/08/25 16:27:16
RIVER,2020/08/25 17:15:05
CARMEL.,2020/08/25 17:16:38
Devils Corral,2020/08/25 18:32:57
Spring,2020/08/25 19:44:53
DOME,2020/08/18 15:23:56
Flemings ,2020/08/17 21:40:05
Monitor,2020/08/18 00:50:05
Kessler,2020/08/17 18:40:07
Anna,2020/08/18 22:15:06
Monitor 2,2020/08/18 22:25:05
Neer,2020/08/17 17:50:05
Meyers,2020/08/18 22:15:06
Davis 2,2020/08/18 22:20:04
Monitor 3,2020/08/18 22:15:06
Branch,2020/08/18 17:40:05
Onion,2020/08/18 21:55:07
Willard,2020/08/17 21:40:05
Yates - Wibaux,2020/08/25 21:01:00
Rocky Gap,2020/08/25 21:02:04
MM244 - Wibaux,2020/08/25 21:45:21
Pole Creek,2020/08/26 00:06:52
Welcome ,2020/08/26 00:26:53
Snow Flower,2020/08/26 00:27:58
County Line,2020/08/26 00:30:08
Limekiln,2020/08/26 00:31:28
Foothills,2020/08/26 00:54:21
R-9,2020/08/25 03:25:04
Huntoon,2020/08/25 19:37:27
Rattlesnake,2020/08/26 03:03:05
Frog 0657 RS,2020/08/26 05:09:44
Miner Creek,2020/08/26 13:59:50
Coal Mine,2020/08/26 14:18:39
Meddler,2020/08/26 14:56:50
Ryegrass ,2020/08/26 15:14:35
Buffalo,2020/08/26 16:14:28
Crane,2020/08/26 16:30:37
Trout Creek,2020/08/17 16:50:05
Pine Gulch,2020/08/26 18:09:10
Winter Ridge 2,2020/08/26 18:43:25
Poles,2020/08/26 20:41:48
Swisher ,2020/08/26 21:10:34
Bartines,2020/08/26 22:22:52
SADDLE,2020/08/26 23:11:14
Meadow Road,2020/08/27 02:34:02
P515,2020/08/27 02:45:39
Hamilton,2020/08/27 03:12:16
Clark Well ,2020/08/27 13:38:07
Jenkins,2020/08/27 15:31:27
R-8 PINECONE,2020/08/27 15:58:20
Thorpe,2020/08/27 16:06:05
Bend,2020/08/23 15:31:07
Sam Boyd,2020/08/27 19:20:47
Medio,2020/08/27 19:42:21
Lake Valley,2020/08/28 04:27:48
LNU Lightning Complex,2020/08/28 10:03:44
Rock,2020/08/13 18:21:11
Georgetown ,2020/08/28 13:48:53
Loyalton,2020/08/28 17:00:40
Red Rock,2020/08/28 17:20:54
Griffin,2020/08/28 17:18:24
Alder,2020/08/28 17:18:24
Rockhouse,2020/08/28 17:04:01
Superstition,2020/08/28 19:17:40
Cowboy,2020/08/28 20:52:18
Paget,2020/08/28 15:18:01
HIGH,2020/08/23 01:05:05
BRUSHY,2020/08/23 01:00:04
ELK,2020/08/23 18:07:10
STAGECOACH,2020/08/23 03:15:10
4-9,2020/08/17 21:35:06
Box,2020/08/29 05:38:53
Medicine,2020/08/29 17:50:41
Jay Creek,2020/08/27 16:30:12
Bench,2020/08/24 00:00:04
LKC #2,2020/08/13 17:59:15
Lucky,2020/08/11 21:09:15
Gulch Road,2020/08/30 01:50:18
Cassadore Springs,2020/08/30 02:45:15
Marshall Butte,2020/08/30 02:53:26
Blue River,2020/08/30 03:18:50
Valley,2020/08/30 03:37:33
Big Sky,2020/08/30 13:23:55
Jeep Trail,2020/08/22 15:30:05
Peaceful Mutual Aid,2020/08/30 16:24:27
Big Creek,2020/08/30 01:41:56
W-4 TERMO,2020/08/30 22:40:47
Black Sand,2020/08/30 23:36:30
Crestview 2,2020/08/30 23:43:55
Coach,2020/08/31 00:46:34
Hidden,2020/08/31 10:35:21
Hickory Creek wildfire FY20,2020/08/31 15:40:31
Sweet Creek MP 2,2020/08/30 23:25:04
Dives,2020/08/24 15:21:28
Diamond Butte,2020/08/23 21:45:04
Bear Creek ,2020/08/31 19:35:07
Bear Creek,2020/08/31 23:27:06
Airway Beacon,2020/09/01 00:13:00
Loop B,2020/08/20 16:15:07
Evans,2020/08/17 21:35:06
Las Vegas Blvd,2020/08/31 00:08:12
Badger,2020/09/01 16:02:35
Homecreek,2020/08/30 14:42:01
Flatland,2020/08/28 03:55:17
Lima 1,2020/09/01 17:00:52
Gypsum Springs,2020/09/01 17:06:14
Pumpkin,2020/08/09 14:39:07
California Ave,2020/09/01 02:50:04
King,2020/09/01 20:16:37
Lieutenant,2020/09/01 20:25:29
EVANS CANYON,2020/08/31 23:00:05
Flash ,2020/08/29 17:51:47
Cedar ridge ,2020/09/01 17:37:52
DRY CREEK,2020/09/01 23:52:55
Starlight,2020/08/31 08:25:05
White Mountain,2020/09/02 17:29:18
Slough Grass,2020/09/02 17:44:12
Smokey Hollow,2020/09/02 19:04:29
River Road,2020/08/08 02:55:04
Lower Canyon,2020/09/03 13:18:18
MITCHELL CREEK ,2020/08/29 17:45:13
MM109 HWY20,2020/08/28 22:23:46
POTRERO,2020/09/03 19:23:05
HEATON ROAD,2020/09/02 22:20:06
Lackey Fan,2020/09/03 20:49:30
Zook,2020/09/03 21:08:47
Muldoon Canyon,2020/09/03 21:32:36
Huff,2020/09/03 22:57:11
Slink,2020/09/03 23:30:53
Shell,2020/09/04 01:00:31
Lofer,2020/09/04 13:42:45
Dry Lake,2020/09/04 16:40:43
Grizzly Creek,2020/09/04 18:29:16
Daily,2020/09/04 19:30:14
Leggit,2020/09/04 23:28:49
Welch,2020/09/05 06:16:32
Ohlone,2020/09/05 06:16:32
Del Puerto,2020/09/05 06:16:32
White River,2020/09/05 17:02:44
Grizzly Creek,2020/09/05 19:59:13
North Bear,2020/09/06 01:00:44
Wild Mountain ,2020/09/06 10:21:58
Woodward,2020/09/06 11:31:04
Badlands ,2020/08/13 18:22:22
Alkali 5,2020/09/06 20:52:15
Burford Canyon,2020/09/06 21:47:04
Crow Creek,2020/09/06 18:03:41
"Butte, Tehama, Glenn Lightning Complex",2020/09/07 04:33:46
"Butte, Tehama, Glenn Lightning Complex",2020/09/07 04:37:46
"Butte, Tehama, Glenn Lightning Complex",2020/09/07 04:37:46
"Butte, Tehama, Glenn Lightning Complex",2020/09/07 04:37:46
"Butte, Tehama, Glenn Lightning Complex",2020/09/07 04:37:46
"Butte, Tehama, Glenn Lightning Complex",2020/09/07 04:37:46
"Butte, Tehama, Glenn Lightning Complex",2020/09/07 04:37:46
"Butte, Tehama, Glenn Lightning Complex",2020/09/07 04:37:46
"Butte, Tehama, Glenn Lightning Complex",2020/09/07 04:37:46
"Butte, Tehama, Glenn Lightning Complex",2020/09/07 04:37:46
"Butte, Tehama, Glenn Lightning Complex",2020/09/07 04:37:46
"Butte, Tehama, Glenn Lightning Complex",2020/09/07 04:37:46
"Butte, Tehama, Glenn Lightning Complex",2020/09/07 04:37:46
"Butte, Tehama, Glenn Lightning Complex",2020/09/07 04:37:46
"Butte, Tehama, Glenn Lightning Complex",2020/09/07 04:37:46
"Butte, Tehama, Glenn Lightning Complex",2020/09/07 04:37:46
"Butte, Tehama, Glenn Lightning Complex",2020/09/07 04:37:46
"Butte, Tehama, Glenn Lightning Complex",2020/09/07 04:37:46
"Butte, Tehama, Glenn Lightning Complex",2020/09/07 04:37:46
Sage Hen,2020/09/06 16:45:45
Green Ridge,2020/09/07 05:47:25
W-5 Cold Springs,2020/09/07 06:24:14
Big Windy,2020/09/07 19:24:54
PEARL HILL,2020/09/07 22:53:22
BobCat,2020/09/07 23:14:42
Swinging Bridge,2020/09/07 23:32:31
CZU Lightning,2020/09/08 03:34:48
Oneida County Assist 1,2020/09/08 02:03:48
Rural Assist 3,2020/09/08 05:41:38
Willow,2020/09/08 13:35:33
615 Wildfire,2020/09/08 15:08:11
WICKIUP,2020/09/08 16:13:16
Customs Road,2020/09/08 17:11:56
Ether Hollow,2020/09/08 17:35:19
BIG HOLLOW,2020/09/08 18:43:49
EUCLID TRACKS,2020/09/08 18:50:46
MANNING RD,2020/09/08 21:55:20
Apple Acres,2020/09/08 23:36:48
"Butte, Tehama, Glenn Lightning Complex",2020/09/07 04:33:46
Sheep,2020/09/09 05:39:24
Coyote,2020/09/07 20:28:30
Summit,2020/09/07 15:52:08
Reavis,2020/09/09 21:09:50
Reservoir,2020/09/09 21:17:22
Juno - Rosebud,2020/09/09 21:28:52
Bridger Foothills,2020/09/09 21:07:40
Whitney,2020/09/09 17:10:57
Moon,2020/09/09 23:23:05
Unger Rd Fire,2020/09/10 01:53:55
Lost Creek,2020/09/10 05:49:54
Carlyle - Wibaux,2020/09/10 19:53:47
Hotel - Rosebud,2020/09/10 14:39:24
Valley,2020/09/10 19:18:52
Oscar - Rosebud,2020/09/10 15:10:11
Thankful,2020/09/10 16:51:39
Lima - Rosebud,2020/09/10 14:28:47
Runaway,2020/09/10 15:31:47
Babb-Malden,2020/09/11 20:23:15
Half Moon,2020/09/11 21:00:04
Hunter 2,2020/09/09 19:03:40
Fry,2020/09/12 02:49:35
Almeda Drive,2020/09/12 02:49:35
Game,2020/09/12 08:09:26
Auburn,2020/09/09 23:05:11
Wildhorse,2020/09/12 20:19:01
Mule ,2020/09/12 19:19:34
Cattle Fire,2020/09/12 22:49:47
Dolan,2020/09/13 12:37:42
William,2020/09/13 15:19:33
East Lake,2020/09/13 16:01:06
242,2020/07/25 21:50:05
Battle Creek 2,2020/09/13 20:46:31
Long Rock,2020/09/14 00:58:19
Dowty Rd,2020/09/14 01:54:21
Whilhoit Rd.,2020/09/14 02:30:12
Curlew ,2020/09/14 15:57:14
StateCreek,2020/09/14 18:48:39
FRUIT VALLEY,2020/09/14 20:52:01
FISH,2020/09/14 21:34:13
HOPKINS,2020/09/14 21:26:59
Blackfoot Mountain,2020/09/15 01:10:36
Knowlton Road,2020/09/14 22:22:16
Twos,2020/09/02 19:58:15
Race Point South Blowout,2020/09/15 16:43:50
Echo Mountain Complex,2020/09/15 19:20:28
Tripp Coulee,2020/08/04 15:29:40
Connecticut,2020/09/15 16:02:38
Graves Creek,2020/09/16 00:23:43
S. Obenchain,2020/09/16 06:12:20
Disc,2020/09/16 08:44:51
Hortons Adventure Bound Fire,2020/09/16 14:23:12
MM80 HWY51,2020/09/16 14:00:39
Downey Creek,2020/08/17 00:40:05
wildcat ,2020/09/16 20:02:30
Nurse,2020/09/16 17:09:52
Seven Palms,2020/09/16 20:41:57
Dam,2020/09/16 23:17:41
Cattle,2020/09/16 23:40:05
Buck,2020/09/16 23:02:00
Inchelium Highway,2020/09/17 01:53:55
Wells,2020/09/17 09:31:17
Goshen,2020/09/17 03:38:55
Klikhtentotzna Creek,2020/09/17 16:22:44
Pine Creek Bench,2020/09/17 18:33:09
Faucet,2020/09/17 20:16:01
Elburz ,2020/09/18 01:03:03
Well,2020/09/18 01:57:35
Thielsen,2020/09/18 13:24:59
Wildflower,2020/09/01 19:23:42
Bogus,2020/09/18 17:06:14
Cold Springs,2020/09/18 18:48:59
Grouse,2020/09/18 18:46:24
Chaparral,2020/09/18 20:09:00
Beaver,2020/09/18 20:24:59
Marion,2020/09/18 20:33:02
Badger,2020/09/19 01:50:20
Wiltse,2020/09/19 15:47:42
Brattain,2020/09/19 15:57:39
Callahan,2020/09/19 18:32:41
Double Diamond,2020/09/20 02:22:25
BECKER CREEK,2020/09/20 18:37:33
Kewa Field,2020/09/20 19:05:19
Dry,2020/09/20 01:09:37
Central Facility,2020/09/21 14:56:57
Cat Canyon,2020/09/21 14:21:07
Molly ,2020/09/21 19:22:09
Holiday Farm,2020/09/21 17:15:09
Cotton Springs,2020/09/21 22:06:03
Pilot Rock,2020/09/21 22:31:22
Fox,2020/09/22 11:48:16
Shotgun,2020/09/22 12:09:54
Bingham County Assist 7,2020/09/04 20:39:20
Mocus Point,2020/09/13 15:40:13
Whitney 2,2020/09/21 20:12:00
Whitney 1,2020/09/22 01:05:30
Park Creek,2020/09/22 16:50:16
Rock Creek Canyon Rd,2020/09/02 14:43:46
COLD CREEK,2020/09/16 15:56:43
Willis Creek,2020/09/22 19:30:35
Ritter,2020/09/22 19:48:29
Canyon Creek,2020/09/23 00:34:23
Lime,2020/09/23 13:31:27
Bernard,2020/09/23 12:44:44
Lone Star,2020/09/23 13:19:31
Bed,2020/09/23 13:51:42
East Seven Mile,2020/09/23 17:11:15
Schill,2020/09/23 17:54:40
Husker,2020/09/23 17:06:43
Sarpy,2020/09/23 20:54:41
Drumming,2020/09/23 23:03:14
Garnet,2020/09/23 23:16:18
 Virgin Mountain,2020/09/24 01:03:47
Graveyard Creek,2020/09/24 16:17:13
Shissler,2020/09/24 19:42:26
Median,2020/09/24 21:09:46
Marshall Peak,2020/09/25 02:54:03
Maple Springs,2020/09/25 14:10:48
Cole,2020/09/25 19:20:44
Lake Como,2020/08/29 20:45:05
12 Mile,2020/08/28 01:40:05
Gass Flats,2020/09/26 18:01:27
Spanish Trail 2,2020/09/27 01:23:03
Mule Springs 6,2020/09/27 16:56:53
Island,2020/09/27 17:56:38
Bannock County Assist 5,2020/09/27 19:31:26
Deer Creek,2020/09/27 18:28:06
Veyo Road,2020/09/28 15:02:55
Olson,2020/09/28 16:00:04
EL DORADO,2020/09/28 19:57:44
Sears,2020/09/28 20:10:27
Grizzly,2020/09/24 18:59:29
Four Bear,2020/09/28 20:39:17
Porphyry,2020/09/29 00:46:38
Claremont-Bear,2020/09/29 13:54:44
Lightning Ridge,2020/09/29 16:43:08
Homestead,2020/09/29 17:13:47
Big Sky - Prairie,2020/09/29 17:13:47
Pinnow Reservoir,2020/09/29 17:42:01
Shell - Fallon,2020/09/29 18:23:47
Sloan 27,2020/09/29 18:26:11
Liscom,2020/09/29 19:04:02
Lake - Fallon,2020/09/29 19:27:03
Armells - Rosebud,2020/09/29 20:13:10
Old Highway 10 - Rosebud,2020/09/29 20:18:16
Lion Creek,2020/09/29 21:26:30
Hess Springs,2020/09/29 16:11:14
Big Basin,2020/09/29 18:42:44
Soldier,2020/09/30 00:11:55
Bobcat,2020/09/26 23:53:47
Neffs,2020/09/30 10:15:45
Martindale,2020/09/30 20:39:31
Woodhead,2020/10/01 12:26:06
West Brush Creek,2020/10/01 19:43:55
MM18 HWY95,2020/10/01 22:09:16
Bryan Mountain,2020/10/02 21:56:19
Cow Canyon,2020/10/02 22:15:59
FLUCKEY,2020/08/06 01:11:13
Hardy,2020/10/03 16:04:23
Dry Lake 2,2020/10/04 00:22:47
Trap,2020/10/03 20:43:41
August Complex South Zone,2020/10/01 04:56:57
Perry,2020/10/04 04:23:01
Lava Ridge,2020/10/04 14:59:48
Shovel,2020/10/04 20:23:41
Cherry Creek,2020/10/03 01:41:56
Ducky,2020/10/05 18:34:51
PATERSON,2020/10/05 19:05:28
Mm185,2020/10/05 18:55:54
Mm184,2020/10/05 19:43:00
Hydro,2020/10/06 00:54:20
Berger,2020/10/06 02:14:28
Zogg,2020/10/06 05:08:04
Baccarat,2020/10/06 14:36:31
Beachie Creek,2020/10/06 13:04:27
Archie Creek,2020/09/26 19:28:16
Baker,2020/10/06 15:33:38
Wawawai Canyon,2020/10/06 20:42:25
Greenway fire,2020/10/06 22:20:18
Bench Lake,2020/10/06 23:25:07
Cheyenne,2020/10/07 00:54:55
Mule,2020/10/07 03:00:01
Lionshead,2020/10/07 18:48:24
SC Mystery Road,2020/10/08 14:01:28
Kahlotus,2020/10/08 15:51:15
GERBER,2020/10/08 18:40:39
Burley,2020/10/08 19:15:12
DRUMHELLER NORTHEAST,2020/10/08 19:16:44
Fork,2020/10/08 20:19:14
Sloan 24,2020/09/04 22:08:54
Dry 2,2020/10/08 22:36:14
COBRE,2020/10/08 22:49:47
Deep Creek,2020/10/07 23:35:06
Haystack,2020/10/09 18:21:26
Little Butte,2020/10/09 19:25:49
Glass,2020/10/09 20:23:04
White Lake,2020/10/10 15:19:33
Wedge Butte,2020/10/10 15:25:15
Five Mile,2020/10/10 18:15:03
Eagle View ,2020/10/10 19:58:46
White,2020/10/12 00:11:05
Connor Summit,2020/10/12 17:55:23
Buggy Springs,2020/10/12 22:51:32
Gopher - Dawson,2020/10/13 16:01:22
Stuck - Dawson,2020/10/13 16:10:03
MM 132,2020/10/11 21:05:38
Wolf,2020/10/13 16:27:51
Wet Creek - Dawson,2020/10/13 16:33:17
Divide,2020/10/13 20:37:42
Box Car,2020/10/13 21:51:46
Riverside,2020/10/14 00:02:57
Rhoades Canyon 2,2020/10/14 10:50:50
Rice,2020/10/14 14:50:27
Snider,2020/10/14 14:23:49
Oil,2020/10/14 15:04:07
Kaibab Gulch,2020/10/14 17:04:05
CHIKAMIN,2020/10/14 18:45:06
FS Flats 1,2020/10/13 23:41:33
Penstemon,2020/10/14 18:16:32
Mullen,2020/10/15 09:38:36
BELL,2020/10/12 23:25:05
BULLFROG,2020/10/07 00:10:05
RIDGE,2020/10/15 00:00:04
WOLFSEN,2020/10/13 00:40:05
COYOTE,2020/07/28 00:15:04
Yogo,2020/10/16 00:35:58
Red Salmon Complex,2020/10/16 15:17:24
Rowland,2020/10/16 17:51:11
Devil,2020/10/18 01:21:17
Fire Canyon,2020/10/17 18:00:03
Range,2020/10/18 16:56:19
Picket,2020/10/19 13:13:24
West Fork ,2020/10/19 15:02:52
Ironwood,2020/10/20 00:05:00
Coleman,2020/10/20 05:25:01
Lookout Mtn,2020/10/19 17:33:38
Rattlesnake,2020/10/19 23:21:46
ROSE CREEK ,2020/10/19 20:45:54
Fox Creek,2020/10/20 22:29:07
Lefthand,2020/10/21 09:59:46
Horse,2020/10/21 13:45:11
Bear,2020/07/28 01:01:53
Doe Canyon,2020/10/20 17:37:19
Grebe - Rosebud,2020/10/21 20:45:25
Boxelder,2020/10/21 20:56:52
Sunday - Custer,2020/10/21 21:02:29
Highway 12 - Custer,2020/10/21 21:17:38
Indian Rocks,2020/10/21 22:15:20
Habanero,2020/10/22 16:30:28
 Mule,2020/10/22 16:30:01
La Madre,2020/10/22 22:04:59
Center Creek Trail,2020/10/23 00:01:18
MM 55,2020/10/23 02:33:55
Horse,2020/10/23 14:45:09
Slater,2020/10/23 16:11:42
CATALINA ,2020/10/23 19:05:48
Middle Fork,2020/10/23 22:38:56
August Complex South Zone,2020/10/24 01:20:29
Calwood,2020/10/25 05:10:52
Trail,2020/10/25 22:38:51
Luna,2020/10/26 05:19:22
 RACE TRACK,2020/10/26 22:55:22
Point,2020/10/27 19:38:47
Williams Fork,2020/10/27 20:46:18
East Troublesome,2020/10/27 20:46:55
Mica Bowl,2020/10/27 20:58:40
Spud Rock,2020/10/27 20:58:40
Lemon,2020/10/28 14:28:04
Rez,2020/10/10 23:35:05
Mine,2020/10/28 21:05:54
MM21 I15,2020/10/28 21:05:54
White Sage,2020/10/16 01:00:04
TRAIL TANK,2020/09/11 14:48:48
Lizard Point,2020/10/28 23:13:49
Purgatory,2020/10/28 23:13:49
Santa Clara,2020/07/14 16:23:14
52,2020/10/29 21:15:04
Cameron Peak,2020/10/31 00:12:23
Creek,2020/10/31 16:59:37
East Fork,2020/11/01 14:21:14
Burnt Basin,2020/11/01 18:14:08
Silverado,2020/11/02 02:00:57
Blue Ridge,2020/11/02 02:00:58
KLAUS ,2020/11/02 17:16:40
Jordan,2020/11/02 17:37:50
August Complex North Zone,2020/10/19 14:10:48
COWBOY,2020/11/02 20:05:18
ROUND VALLEY,2020/11/02 22:47:28
Castle,2020/10/08 13:43:30
Raft River,2020/11/03 17:07:31
Poison Flat,2020/11/03 17:41:55
OLD GLORY,2020/11/03 18:23:52
Pioneer,2020/11/04 20:04:31
Lamb,2020/11/02 00:17:48
BADGER CREEK,2020/11/05 18:45:11
RA 3 ADA CO,2020/11/05 21:47:47
Grassy,2020/11/06 18:35:11
Crystal Creek,2020/11/06 19:53:34
LESLIE GULCH ,2020/11/06 02:00:04
Wildhorse Creek,2020/11/06 21:53:51
Hidden Lake,2020/11/06 23:03:09
Sloan 29,2020/11/06 23:54:36
Weber Canyon ,2020/11/07 15:15:04
CAMP,2020/11/09 19:03:02
HIGHWAY 10,2020/11/09 20:39:07
FINLEY ROAD,2020/11/09 22:17:51
LAKE HIAWATHA,2020/11/09 23:02:05
Lemhi County Assist #2,2020/11/10 16:36:49
North Juniper,2020/11/10 16:45:02
MM 49,2020/09/14 17:30:26
Columbia,2020/10/21 16:43:06
Sandy,2020/11/12 21:58:49
WOODARD,2020/11/13 16:21:33
Cook,2020/11/13 18:31:23
Moraine,2020/11/16 17:01:27
BEVERLY BURKE,2020/11/10 17:11:56
15-11,2020/11/17 17:57:08
North Nixon ,2020/11/17 18:59:58
HENNESSEY,2020/11/17 18:22:04
15-14,2020/11/17 18:19:08
15-4,2020/11/17 18:08:09
WALLBRIDGE,2020/11/17 18:34:49
Derby Dam,2020/11/18 19:42:16
Mule Springs 4,2020/08/13 18:18:46
MORGAN LAKE,2020/11/18 22:41:04
STAYMAN FLATS,2020/11/18 22:50:25
TRAILER,2020/11/19 00:22:54
LAURA 2,2020/11/17 20:05:07
TORNADO,2020/11/19 23:50:06
MARR,2020/07/10 20:21:35
Sulphur,2020/11/23 17:46:34
C-102,2020/09/16 20:41:55
BLUE LAKE ONE,2020/11/24 23:59:20
Stonehouse,2020/11/25 15:29:16
Bascomb 2,2020/11/18 17:35:06
Bascomb,2020/11/09 19:35:04
Stansbury Trail,2020/12/01 17:34:53
Rocky,2020/11/02 16:17:12
Mile 27 Fire,2020/08/13 18:21:25
Mile Marker 63,2020/08/13 18:21:39
SC White Oak,2020/10/08 14:03:12
Pinehaven,2020/11/20 19:42:32
Cow,2020/08/06 18:07:56
Fortymile,2020/08/13 18:19:58
 CHANDLER,2020/11/09 20:08:54
GRANDVIEW,2020/11/09 19:08:52
DENNIS ROAD,2020/11/09 20:01:25
Pine Shadow,2020/11/18 16:55:07
Wolf,2020/12/04 22:39:11
BlueJay,2020/12/04 22:53:38
North Whizz Dome,2020/12/04 23:01:06
Airport,2020/12/05 04:01:50
ROCK BLUFF,2020/12/07 23:25:16
MARSH UNIT 3,2020/12/07 23:31:24
Bond,2020/12/08 15:50:59
Iron Gate,2020/09/14 17:30:26
MILL POND,2020/07/10 20:26:19
MATHEWS LAKE,2020/07/10 20:26:07
Little Sandy,2020/07/10 20:23:27
ALDER CREEK 0376 RN,2020/07/10 20:26:50
Clover Flat,2020/07/11 20:57:25
0364 RN,2020/07/11 14:34:21
SpotFireAD,2020/07/10 20:21:48
163,2020/07/10 20:22:12
FLETT LOOP,2020/07/10 20:26:07
0369 RN,2020/07/28 21:21:01
360 NE,2020/07/13 19:49:37
Car,2020/07/01 21:20:33
WATERMELON HILL,2020/10/08 17:27:10
ROCKY POINT,2020/07/10 20:25:09
Yamsi,2020/07/10 20:25:45
ANDERSON RELATED TO 291,2020/07/10 20:26:01
0370 RN,2020/07/28 21:52:27
OLD VANTAGE ROAD,2020/10/08 18:59:55
SOUP CREEK,2020/08/01 18:54:22
SUNSET,2020/07/13 21:33:27
JACOBSON GULCH,2020/08/09 17:36:45
OAK RIDGE DRIVE,2020/07/10 20:23:00
LOC-Union Valley,2020/07/13 19:52:34
Dispersed,2020/07/10 20:23:35
LMUMA CREEK,2020/11/09 23:50:51
GIBBON,2020/07/09 15:05:40
ROCK CASTLE,2020/07/10 20:22:22
0378 NE ,2020/07/13 19:27:20
Out,2020/07/10 20:26:41
HAY CANYON,2020/07/13 19:50:55
GUN RANGE,2020/11/24 20:37:14
Buzzard,2020/11/06 23:50:04
Six Mile,2020/11/27 15:27:13
ANTELOPE FLAT,2020/10/29 22:04:12
French Creek,2020/09/26 19:28:16
BIG HORN,2020/07/08 21:40:49
Busch,2020/07/10 20:23:20
Crystal,2020/08/06 08:40:04
WEBBER SPRINGS,2020/11/10 16:41:49
Memorial,2020/07/20 16:50:04
Rattlesnake,2020/12/11 22:22:36
Mahogany,2020/08/13 18:23:21
Center Mountain,2020/08/13 18:19:13
Swan Lake,2020/12/15 19:24:15
111,2020/12/15 21:26:44
Worthington ,2020/11/17 15:47:12
APPLE,2020/08/01 00:00:04
MM3 HWY17,2020/12/16 22:46:46
